SHOP_URL,GOODS_NAME,GOODS_URL,SHOP_NAME,COMPANY_NAME,file_urls,COMPANY_ADDRESS,GOODS_PRICE
https://rate.taobao.com/user-rate-UvCN4OFvuvCvYvgTT.htm,2015夏装新款人造棉女无袖背心印花修身连衣裙长裙波西米亚沙滩裙,http://detail.tmall.com/item.htm?id=44577772132&skuId=86320255935&areaId=110000&cat_id=50025135&rn=f6f0b8ca972246ec6dc709cf93b84b54&standard=1&user_id=2089372312&is_b=1,梵柏莎服饰旗舰店,杭州缇沐服饰有限公司,http://img.alicdn.com/bao/uploaded/i3/TB1WlZqHpXXXXXYXVXXXXXXXXXX_!!0-item_pic.jpg_b.jpg,"浙江,  杭州",79.00
https://rate.taobao.com/user-rate-UvCHSMmvbMFHyONTT.htm,女式风衣2015春秋装新款韩版修身显瘦时尚气质中长款风衣外套大码,http://detail.tmall.com/item.htm?id=521034679512&skuId=3104910060860&areaId=110000&cat_id=50025135&rn=f6f0b8ca972246ec6dc709cf93b84b54&standard=1&user_id=2194355128&is_b=1,罗梦欧旗舰店,杭州广竹贸易有限公司,http://img.alicdn.com/bao/uploaded/i3/TB1yByIIVXXXXb7XpXXXXXXXXXX_!!0-item_pic.jpg_b.jpg,"浙江省,  杭州市",168.00
https://rate.taobao.com/user-rate-UvFxSMFNGMGx0vgTT.htm,圣多名妮2014春装新款女装中长款风衣韩版修身春秋外套女式风衣长,http://detail.tmall.com/item.htm?id=20137881710&skuId=49058468924&areaId=110000&cat_id=50025135&rn=f6f0b8ca972246ec6dc709cf93b84b54&user_id=1695037642&is_b=1,圣多名妮旗舰店,,http://img.alicdn.com/bao/uploaded/i2/17642028347647235/T1OF93FfBXXXXXXXXX_!!0-item_pic.jpg_b.jpg,深圳市凯瑞斯电子商务有限公司,69.00
https://rate.taobao.com/user-rate-UvCNSMCQLMFNuMgTT.htm,2015秋大码修身弹力黑色高腰牛仔裤女长裤子显瘦夏小脚裤潮铅笔裤,http://detail.tmall.com/item.htm?id=520351194813&skuId=3101693776921&areaId=110000&cat_id=50025135&rn=f6f0b8ca972246ec6dc709cf93b84b54&user_id=2096465076&is_b=1,克莱格服饰旗舰店,郑州花曼品服饰有限公司,http://img.alicdn.com/bao/uploaded/i4/TB1ltycJpXXXXawXFXXXXXXXXXX_!!0-item_pic.jpg_b.jpg,"河南省,  郑州市",79.00
https://rate.taobao.com/user-rate-UMGvuMFNSMFvS.htm,2015秋装新款女装裙子韩版修身长袖优雅气质连衣裙打底中长裙,http://detail.tmall.com/item.htm?id=520817794700&skuId=3103800818613&areaId=110000&cat_id=50025135&rn=f6f0b8ca972246ec6dc709cf93b84b54&user_id=737509539&is_b=1,泊兰丝旗舰店,,http://img.alicdn.com/bao/uploaded/i1/TB173hNJpXXXXcEXFXXXXXXXXXX_!!0-item_pic.jpg_b.jpg,杭州汝迷服饰有限公司,89.00
https://rate.taobao.com/user-rate-UMGISMGcWvFcb.htm,百搭！玉栗贝人2015秋季牛仔外套女长袖短款夹克修身牛仔上衣韩版,http://detail.tmall.com/item.htm?id=21357783072&skuId=77835500117&areaId=110000&cat_id=50025135&rn=f6f0b8ca972246ec6dc709cf93b84b54&standard=1&user_id=729770175&is_b=1,玉栗贝人旗舰店,,http://img.alicdn.com/bao/uploaded/i3/T1aw8QFlhXXXXXXXXX_!!0-item_pic.jpg_b.jpg,杭州奔越服饰有限公司,178.00
https://rate.taobao.com/user-rate-UvFgWMG8uMCvuMNTT.htm,2015夏季薄款七分裤女显瘦宽松哈伦马裤棉休闲裤女士大码小脚中裤,http://detail.tmall.com/item.htm?id=45558617559&skuId=3105033285749&areaId=110000&cat_id=50025135&rn=f6f0b8ca972246ec6dc709cf93b84b54&user_id=1807576374&is_b=1,布依年华旗舰店,上海黎洪实业有限公司,http://img.alicdn.com/bao/uploaded/i4/TB1c1OgIVXXXXaGaXXXXXXXXXXX_!!0-item_pic.jpg_b.jpg,"上海,  上海市",79.00
https://rate.taobao.com/user-rate-UMGQyOFgYMFQG.htm,2015新款春秋装韩版修身显瘦大码潮中长款大衣双排扣外套女式风衣,http://detail.tmall.com/item.htm?id=43465833122&skuId=93203300897&areaId=110000&cat_id=50025135&rn=f6f0b8ca972246ec6dc709cf93b84b54&user_id=742981543&is_b=1,索耳旗舰店,,http://img.alicdn.com/bao/uploaded/i3/TB1OK.QIpXXXXa5apXXXXXXXXXX_!!0-item_pic.jpg_b.jpg,杭州索耳服饰有限公司,89.00
https://rate.taobao.com/user-rate-UvCNLMFH0MFg4MgTT.htm,红惑秋季女装镂空毛衣外套外搭空调衫长袖百搭打底针织衫女薄开衫,http://detail.tmall.com/item.htm?id=38668609775&skuId=87820838442&areaId=110000&cat_id=50025135&rn=f6f0b8ca972246ec6dc709cf93b84b54&user_id=2065145886&is_b=1,红惑旗舰店,苏州西宫针织服饰有限公司,http://img.alicdn.com/bao/uploaded/i4/T1RVQnFcliXXXXXXXX_!!0-item_pic.jpg_b.jpg,"江苏省,  苏州市",49.00
https://rate.taobao.com/user-rate-UMGvuvFgyMGQu.htm,秋装连衣裙2015秋新款女装大码收腰ol通勤V领修身七分袖连衣裙,http://detail.tmall.com/item.htm?id=12894808922&skuId=18228202881&areaId=110000&cat_id=50025135&rn=f6f0b8ca972246ec6dc709cf93b84b54&standard=1&user_id=737182747&is_b=1,roammovo路慕旗舰店,,http://img.alicdn.com/bao/uploaded/i1/TB1GYvwIVXXXXbPXXXXXXXXXXXX_!!0-item_pic.jpg_b.jpg,厦门路慕服饰有限公司,178.00
https://rate.taobao.com/user-rate-UMGQSMF8YOmQ0.htm,水卉曼中老年女装秋装外套40-50 妈妈装秋季新品春秋装风衣大码潮,http://detail.tmall.com/item.htm?id=27146036221&skuId=82674232906&areaId=110000&cat_id=50025135&rn=f6f0b8ca972246ec6dc709cf93b84b54&user_id=749551844&is_b=1,水卉曼旗舰店,,http://img.alicdn.com/bao/uploaded/i1/TB1YlsmJXXXXXaUXVXXXXXXXXXX_!!0-item_pic.jpg_b.jpg,上海秀帅服饰有限公司,128.00
https://rate.taobao.com/user-rate-UvFgGMFI0MmNWMgTT.htm,莉莉的风衣女春秋2015新款秋装女式风衣中长款外套鹿皮绒英伦气质,http://detail.tmall.com/item.htm?id=521041155180&skuId=3104897478631&areaId=110000&cat_id=50025135&rn=f6f0b8ca972246ec6dc709cf93b84b54&user_id=1835244006&is_b=1,莉莉的旗舰店,威海迪尚凯尼时装有限公司,http://img.alicdn.com/bao/uploaded/i2/TB1PsjfIVXXXXXDXXXXXXXXXXXX_!!0-item_pic.jpg_b.jpg,"山东省,  威海市",199.00
https://rate.taobao.com/user-rate-UMFI4vCkLvCgy.htm,【预售】秋水伊人2015秋冬装新款女装韩版廓形毛呢外套 呢子大衣,http://detail.tmall.com/item.htm?id=521389399451&skuId=3106557177347&areaId=110000&cat_id=50025135&rn=f6f0b8ca972246ec6dc709cf93b84b54&standard=1&user_id=528296282&is_b=1,秋水伊人官方旗舰店,,http://img.alicdn.com/bao/uploaded/i2/TB141qZJpXXXXamXFXXXXXXXXXX_!!0-item_pic.jpg_b.jpg,杭州东塑信息技术有限公司,299.00
http://rate.taobao.com/user-rate-UMGvLMG84vmvb.htm,芙娜妮欧洲站名媛女装2015秋季新款蕾丝拼接包臀修身显瘦连衣裙潮,http://detail.tmall.com/item.htm?id=521253083175&skuId=3105902802168&areaId=110000&cat_id=50025135&rn=f6f0b8ca972246ec6dc709cf93b84b54&user_id=736758035&is_b=1,芙娜妮服饰旗舰店,,http://img.alicdn.com/bao/uploaded/i1/TB1k7XrJXXXXXcGXXXXXXXXXXXX_!!0-item_pic.jpg_b.jpg,广州合谨企业管理顾问有限公司,139.00
https://rate.taobao.com/user-rate-UMCc4MFg0Om8L.htm,2015秋季新款牛仔裤女夏小脚显瘦韩版大码弹力中腰修身铅笔长裤子,http://detail.tmall.com/item.htm?id=520116763617&skuId=3100551529536&areaId=110000&cat_id=50025135&rn=f6f0b8ca972246ec6dc709cf93b84b54&user_id=678584856&is_b=1,乐誉服饰专营店,,http://img.alicdn.com/bao/uploaded/i3/TB1O25TJpXXXXbSXpXXXXXXXXXX_!!0-item_pic.jpg_b.jpg,郑州乐誉商贸有限公司,79.00
https://rate.taobao.com/user-rate-UOmI4MCvGvG8G.htm,尚度秋冬膝盖破洞牛仔裤女长裤韩范弹力小脚裤翻边修身显瘦铅笔裤,http://detail.tmall.com/item.htm?id=43945899136&skuId=3106150110323&areaId=110000&cat_id=50025135&rn=f6f0b8ca972246ec6dc709cf93b84b54&user_id=828633353&is_b=1,尚度服饰旗舰店,,http://img.alicdn.com/bao/uploaded/i2/TB1fkVUHpXXXXa0XFXXXXXXXXXX_!!0-item_pic.jpg_b.jpg,中山市尚度服饰有限公司,89.00
https://rate.taobao.com/user-rate-UvFNSOFQuvG8WvNTT.htm,2015早秋新款民族风印花短款薄外套棒球服女夹克上衣休闲长袖,http://detail.tmall.com/item.htm?id=521101718956&skuId=3105158889751&areaId=110000&cat_id=50025135&rn=f6f0b8ca972246ec6dc709cf93b84b54&user_id=1099473500&is_b=1,霍莉斯罗旗舰店,,http://img.alicdn.com/bao/uploaded/i3/TB1htYEJXXXXXcfXpXXXXXXXXXX_!!0-item_pic.jpg_b.jpg,广州艳创服饰有限公司,79.00
https://rate.taobao.com/user-rate-UMGcYvGkSvCI0.htm,自蓝红纯棉条纹t恤女夏装一字领韩版大码修身显瘦打底衫女t恤中袖,http://detail.tmall.com/item.htm?id=45566871100&skuId=3104427499517&areaId=110000&cat_id=50025135&rn=f6f0b8ca972246ec6dc709cf93b84b54&user_id=771399224&is_b=1,自蓝红旗舰店,,http://img.alicdn.com/bao/uploaded/i4/TB1ZkWeIVXXXXcTXFXXXXXXXXXX_!!0-item_pic.jpg_b.jpg,厦门自然红服饰有限公司,56.90
https://rate.taobao.com/user-rate-UvCIbOFQSOF8uMQTT.htm,2015fivetozero秋季女士新宽松韩版显瘦翻领口袋纯色雪纺衬衣衬衫,http://detail.tmall.com/item.htm?id=44600951982&skuId=98936984346&areaId=110000&cat_id=50025135&rn=f6f0b8ca972246ec6dc709cf93b84b54&user_id=2259499575&is_b=1,fivetozero女装旗舰店,苏州妍贻贝服饰有限公司,http://img.alicdn.com/bao/uploaded/i3/TB1W.sGHpXXXXc9XpXXXXXXXXXX_!!0-item_pic.jpg_b.jpg,"江苏省,  苏州市",69.00
https://rate.taobao.com/user-rate-UOmcWvGNWMF8G.htm,2015秋季新款欧美卡通刺绣短外套夹克棒球服女长袖开衫休闲小外套,http://detail.tmall.com/item.htm?id=41026612061&skuId=63872646598&areaId=110000&cat_id=50025135&rn=f6f0b8ca972246ec6dc709cf93b84b54&user_id=870300553&is_b=1,obanner服饰旗舰店,,http://img.alicdn.com/bao/uploaded/i2/TB1irIqJXXXXXauXVXXXXXXXXXX_!!0-item_pic.jpg_b.jpg,云南奥邦奴服饰有限公司广州分公司,168.00
https://rate.taobao.com/user-rate-UvCHGvCkbvFI4OQTT.htm,中老年女装秋装修身长袖妈妈装上衣40-50中年妇女开衫外套春秋季,http://detail.tmall.com/item.htm?id=520851607802&skuId=3104017340382&areaId=110000&cat_id=50025135&rn=f6f0b8ca972246ec6dc709cf93b84b54&user_id=2132951289&is_b=1,苏米唐旗舰店,嘉兴雨果服饰有限公司,http://img.alicdn.com/bao/uploaded/i2/TB1gEMxIXXXXXb.XVXXXXXXXXXX_!!0-item_pic.jpg_b.jpg,"浙江省,  嘉兴市",98.00
https://rate.taobao.com/user-rate-UvCHYvm8yvFHLMgTT.htm,薇妮鸟防晒衣女夏季2015中长款长袖防晒衫防紫外线沙滩防晒服外套,http://detail.tmall.com/item.htm?id=43218522061&skuId=75077466861&areaId=110000&cat_id=50025135&rn=f6f0b8ca972246ec6dc709cf93b84b54&user_id=2110521166&is_b=1,薇妮鸟旗舰店,广州丹卡服装贸易有限公司,http://img.alicdn.com/bao/uploaded/i2/TB1URKlHXXXXXaTapXXXXXXXXXX_!!0-item_pic.jpg_b.jpg,"广东省,  广州市",58.00
https://rate.taobao.com/user-rate-UvFg4vFx0OmN0MQTT.htm,嬉琦衬衫女长袖新款彩色彩虹条纹韩版清新雪纺衬衣S8511,http://detail.tmall.com/item.htm?id=45680499047&skuId=3103879029868&areaId=110000&cat_id=50025135&rn=f6f0b8ca972246ec6dc709cf93b84b54&user_id=1881648045&is_b=1,嬉琦旗舰店,广州市卡新服装有限公司,http://img.alicdn.com/bao/uploaded/i1/TB1F_AAJXXXXXceXXXXXXXXXXXX_!!0-item_pic.jpg_b.jpg,"广东,  广州",78.00
https://rate.taobao.com/user-rate-UMGx0MFcSvm8Y.htm,夏装新款长袖衬衫女 印花雪纺衫女2015夏宽松女款雪纺上衣打底衫,http://detail.tmall.com/item.htm?id=44990312055&skuId=104763836466&areaId=110000&cat_id=50025135&rn=f6f0b8ca972246ec6dc709cf93b84b54&user_id=764579051&is_b=1,toucino服饰旗舰店,,http://img.alicdn.com/bao/uploaded/i2/TB1H4vlJXXXXXa9XXXXXXXXXXXX_!!0-item_pic.jpg_b.jpg,杭州宾派贸易有限公司,69.00
https://rate.taobao.com/user-rate-UvCNuMmgLOmHbvgTT.htm,诗慕莎2015夏装新款韩版大码女装T恤宽松上衣圆领印花短袖体恤衫,http://detail.tmall.com/item.htm?id=45355813830&skuId=102740816999&areaId=110000&cat_id=50025135&rn=f6f0b8ca972246ec6dc709cf93b84b54&user_id=2074868152&is_b=1,诗慕莎旗舰店,余姚市欧一美美服饰有限公司,http://img.alicdn.com/bao/uploaded/i1/TB1dJGnIFXXXXXfXpXXXXXXXXXX_!!0-item_pic.jpg_b.jpg,"浙江省,  宁波市",59.00
https://rate.taobao.com/user-rate-UvFkLMCxSMGHWvNTT.htm,萌小雅2015秋圆领套头卫衣女长袖印花学生宽松大码学院风外套韩国,http://detail.tmall.com/item.htm?id=520866863828&skuId=3104074653654&areaId=110000&cat_id=50025135&rn=f6f0b8ca972246ec6dc709cf93b84b54&user_id=1966697100&is_b=1,萌小雅旗舰店,武汉福满溢商贸有限公司,http://img.alicdn.com/bao/uploaded/i1/TB1xNRKIpXXXXbKapXXXXXXXXXX_!!0-item_pic.jpg_b.jpg,"湖北,  武汉",79.00
https://rate.taobao.com/user-rate-UvCNLMmxyMGgYvgTT.htm,SUMU2015秋季新款外套女薄款韩版中长款显瘦宽松休闲拉链开衫风衣,http://detail.tmall.com/item.htm?id=521083027229&skuId=3105098926358&areaId=110000&cat_id=50025135&rn=f6f0b8ca972246ec6dc709cf93b84b54&standard=1&user_id=2064627812&is_b=1,sumu素慕旗舰店,杭州浅年代信息科技有限公司,http://img.alicdn.com/bao/uploaded/i4/TB1gIu4IVXXXXb9aXXXXXXXXXXX_!!0-item_pic.jpg_b.jpg,"浙江省,  杭州市",168.00
https://rate.taobao.com/user-rate-UMGxYOFHSMFHG.htm,梵琴坊2015秋装新款松紧腰牛仔裤女士小脚铅笔裤大码弹力显瘦女裤,http://detail.tmall.com/item.htm?id=40350189022&skuId=81749794546&areaId=110000&cat_id=50025135&rn=f6f0b8ca972246ec6dc709cf93b84b54&user_id=761919513&is_b=1,梵琴坊服饰旗舰店,,http://img.alicdn.com/bao/uploaded/i2/TB1NZDMJXXXXXa0XpXXXXXXXXXX_!!0-item_pic.jpg_b.jpg,北京樊氏华达商贸有限公司,85.00
https://rate.taobao.com/user-rate-UvFk4MFkbOFHbMQTT.htm,Katri Milen韩版春秋季大码长裤子 女九分裤胖mm休闲裤黑色哈伦裤,http://detail.tmall.com/item.htm?id=520493274060&skuId=3102336098891&areaId=110000&cat_id=50025135&rn=f6f0b8ca972246ec6dc709cf93b84b54&user_id=1985959155&is_b=1,katrimilen旗舰店,广州市简优服饰有限公司,http://img.alicdn.com/bao/uploaded/i3/TB1u07yJXXXXXXGaXXXXXXXXXXX_!!0-item_pic.jpg_b.jpg,"广东省,  广州市",69.00
https://rate.taobao.com/user-rate-UvCIbOFQSOF8uMQTT.htm,2015fivetozero夏装新款韩版两件套雪纺小香风印花女装气质套装裙,http://detail.tmall.com/item.htm?id=520025476973&skuId=3100116890787&areaId=110000&cat_id=50025135&rn=f6f0b8ca972246ec6dc709cf93b84b54&standard=1&user_id=2259499575&is_b=1,fivetozero女装旗舰店,苏州妍贻贝服饰有限公司,http://img.alicdn.com/bao/uploaded/i4/TB1vzIXIXXXXXXWXFXXXXXXXXXX_!!0-item_pic.jpg_b.jpg,"江苏省,  苏州市",59.00
https://rate.taobao.com/user-rate-UvFNGMFvyOmHyvNTT.htm,2015新款中老年人女装春秋外套针织开衫大码妈妈毛衣中年妇女上衣,http://detail.tmall.com/item.htm?id=40516451986&skuId=3104786417193&areaId=110000&cat_id=50025135&rn=f6f0b8ca972246ec6dc709cf93b84b54&user_id=1035328120&is_b=1,紫吉旗舰店,,http://img.alicdn.com/bao/uploaded/i1/TB1ufVVJpXXXXbHXFXXXXXXXXXX_!!0-item_pic.jpg_b.jpg,上海卓皇服饰有限公司,88.00
https://rate.taobao.com/user-rate-UvFN0MmILMmcyMgTT.htm,ZK旗舰店女装2015早秋装新款黑色半身裙短裙子显瘦修身秋季A字裙,http://detail.tmall.com/item.htm?id=520890902830&skuId=3104150533818&areaId=110000&cat_id=50025135&rn=f6f0b8ca972246ec6dc709cf93b84b54&user_id=1044264726&is_b=1,zk旗舰店,,http://img.alicdn.com/bao/uploaded/i3/TB1TgVBIFXXXXcSaXXXXXXXXXXX_!!0-item_pic.jpg_b.jpg,深圳黛奥时尚时装有限公司,159.00
https://rate.taobao.com/user-rate-UvFxbvCxbvFxbMgTT.htm,妙装羽绒衣2015冬装新款獭兔毛领徽章贴布修身中长款羽绒服女 潮,http://detail.tmall.com/item.htm?id=42799098132&skuId=86993210702&areaId=110000&cat_id=50025135&rn=f6f0b8ca972246ec6dc709cf93b84b54&standard=1&user_id=1652651656&is_b=1,妙装旗舰店,,http://img.alicdn.com/bao/uploaded/i4/TB19GFlJpXXXXXPXpXXXXXXXXXX_!!0-item_pic.jpg_b.jpg,杭州妙装电子商务有限公司,498.00
https://rate.taobao.com/user-rate-UvCcyvCNYvC8L.htm,芭黎依橱妈妈装秋装薄外套妈妈短外套中老年女装秋装外套中年上衣,http://detail.tmall.com/item.htm?id=44547587612&skuId=98609728267&areaId=110000&cat_id=50025135&rn=f6f0b8ca972246ec6dc709cf93b84b54&user_id=272201256&is_b=1,芭黎依橱旗舰店,,http://img.alicdn.com/bao/uploaded/i3/TB1EqEnHpXXXXbKapXXXXXXXXXX_!!0-item_pic.jpg_b.jpg,北京永恒网络技术发展有限公司,138.00
https://rate.taobao.com/user-rate-UvCNSvmk4vGIbvNTT.htm,2015新款秋季外套女针织衫女开衫春秋韩版长袖中长款修身显瘦毛衣,http://detail.tmall.com/item.htm?id=520493275455&skuId=3102349694115&areaId=110000&cat_id=50025135&rn=f6f0b8ca972246ec6dc709cf93b84b54&user_id=2090983250&is_b=1,冰花莲旗舰店,嘉兴市钦妃服饰有限公司,http://img.alicdn.com/bao/uploaded/i4/TB1mVBBIFXXXXXFXXXXXXXXXXXX_!!0-item_pic.jpg_b.jpg,"浙江省,  嘉兴市",128.00
https://rate.taobao.com/user-rate-UvFHGvGISMCx0MNTT.htm,正品2015 秋季高腰牛仔裤 女长裤 秋 小脚裤女铅笔裤 弹力女裤潮,http://detail.tmall.com/item.htm?id=37679836532&skuId=3109367590205&areaId=110000&cat_id=50025135&rn=f6f0b8ca972246ec6dc709cf93b84b54&user_id=1133296644&is_b=1,qiqiweyi旗舰店,,http://img.alicdn.com/bao/uploaded/i2/TB1MdF_FVXXXXXTXVXXXXXXXXXX_!!0-item_pic.jpg_b.jpg,泰顺秋伊浓服饰有限公司,99.00
https://rate.taobao.com/user-rate-UvCILMCkbvmHuvQTT.htm,2015新款秋装 韩版宽松彩色竖条纹女长袖衬衫百搭衬衣上衣潮,http://detail.tmall.com/item.htm?id=521319921941&skuId=3106122759837&areaId=110000&cat_id=50025135&rn=f6f0b8ca972246ec6dc709cf93b84b54&user_id=2266950171&is_b=1,蔻图旗舰店,苏州市吴江衣炫到底针织服饰有限公司,http://img.alicdn.com/bao/uploaded/i4/TB16Zn6JXXXXXXOXVXXXXXXXXXX_!!0-item_pic.jpg_b.jpg,"江苏省,  苏州市",89.00
https://rate.taobao.com/user-rate-UMCQbvmvSOFxS.htm,高梵韩版轻薄羽绒服女短款2015冬季新款轻型连帽修身显瘦潮短外套,http://detail.tmall.com/item.htm?id=521063194130&skuId=3104928247907&areaId=110000&cat_id=50025135&rn=f6f0b8ca972246ec6dc709cf93b84b54&user_id=645039969&is_b=1,高梵旗舰店,,http://img.alicdn.com/bao/uploaded/i1/TB1kS65JpXXXXXFXVXXXXXXXXXX_!!0-item_pic.jpg_b.jpg,安徽贵谷电子商务有限公司,299.00
https://rate.taobao.com/user-rate-UMCQ4MGHLOFQY.htm,索菲丝尔2015休闲裤女显瘦小脚裤大码铅笔裤潮九分裤女女裤长裤秋,http://detail.tmall.com/item.htm?id=520915585054&skuId=3104264682147&areaId=110000&cat_id=50025135&rn=f6f0b8ca972246ec6dc709cf93b84b54&user_id=648716941&is_b=1,索菲丝尔旗舰店,,http://img.alicdn.com/bao/uploaded/i1/TB1QPMgIVXXXXaaaXXXXXXXXXXX_!!0-item_pic.jpg_b.jpg,杭州创享服饰有限公司,139.00
https://rate.taobao.com/user-rate-UvCILMmILvCvbvWTT.htm,2015秋季女装韩版中长款流苏开衫针织衫外搭宽松大码披肩毛衣外套,http://detail.tmall.com/item.htm?id=520558502932&skuId=3102627695083&areaId=110000&cat_id=50025135&rn=f6f0b8ca972246ec6dc709cf93b84b54&user_id=2264262353&is_b=1,媞媞旗舰店,广州天铎贸易有限公司,http://img.alicdn.com/bao/uploaded/i4/TB1f63YIpXXXXXjXFXXXXXXXXXX_!!0-item_pic.jpg_b.jpg,"广东,  广州",168.00
https://rate.taobao.com/user-rate-UvFgyvFQ4vGkyvQTT.htm,ONOZA春秋款套头卫衣女 长颈鹿卡通印花学生圆领宽松长袖女外套,http://detail.tmall.com/item.htm?id=41269713511&skuId=69844207244&areaId=110000&cat_id=50025135&rn=f6f0b8ca972246ec6dc709cf93b84b54&user_id=1821483921&is_b=1,onoza旗舰店,武汉青臣文化有限公司,http://img.alicdn.com/bao/uploaded/i1/TB1I6j3GXXXXXXQXFXXXXXXXXXX_!!0-item_pic.jpg_b.jpg,"湖北,  武汉",108.00
https://rate.taobao.com/user-rate-UvF8SvmNyvCNGONTT.htm,春秋季长袖宽松套头卫衣女学生外套 秋装上衣女式T恤衫薄款韩版潮,http://detail.tmall.com/item.htm?id=520800360354&skuId=3103714878869&areaId=110000&cat_id=50025135&rn=f6f0b8ca972246ec6dc709cf93b84b54&user_id=1590022038&is_b=1,布朗舒格旗舰店,,http://img.alicdn.com/bao/uploaded/i1/TB1cXyYJpXXXXaZaXXXXXXXXXXX_!!0-item_pic.jpg_b.jpg,山东海馨国际贸易有限公司,59.00
https://rate.taobao.com/user-rate-UvFN4MGk4OFvGOQTT.htm,2015秋装新款韩版休闲修身水洗牛仔连衣裙女 大码五分袖长裙子,http://detail.tmall.com/item.htm?id=521018698611&skuId=3105837147384&areaId=110000&cat_id=50025135&rn=f6f0b8ca972246ec6dc709cf93b84b54&standard=1&user_id=1087989339&is_b=1,零五七一世家旗舰店,,http://img.alicdn.com/bao/uploaded/i3/TB1ikc5IVXXXXaJXFXXXXXXXXXX_!!0-item_pic.jpg_b.jpg,杭州慕香服饰有限公司,158.00
https://rate.taobao.com/user-rate-UvFNGOFH4vFQYMgTT.htm,秋季女装毛衣外套女针织衫开衫女韩版中长款秋装女上衣外套棒球服,http://detail.tmall.com/item.htm?id=43908227290&skuId=83414107171&areaId=110000&cat_id=50025135&rn=f6f0b8ca972246ec6dc709cf93b84b54&user_id=1039181416&is_b=1,素年简衣女装旗舰店,,http://img.alicdn.com/bao/uploaded/i3/TB1uaSZGFXXXXcRaXXXXXXXXXXX_!!0-item_pic.jpg_b.jpg,吴江市素年简衣服饰有限公司,55.00
https://rate.taobao.com/user-rate-UvFcGMmcbMGvbMgTT.htm,梦倾城2015早秋新款时尚卫衣金丝天鹅绒休闲运动服套装女士春秋季,http://detail.tmall.com/item.htm?id=19354593282&skuId=4611686037781981186&areaId=110000&cat_id=50025135&rn=f6f0b8ca972246ec6dc709cf93b84b54&user_id=1734757356&is_b=1,梦倾城旗舰店,,http://img.alicdn.com/bao/uploaded/i4/T1JtFwFytjXXXXXXXX_!!0-item_pic.jpg_b.jpg,广州梦倾城服饰有限公司,79.00
https://rate.taobao.com/user-rate-UvFcLMCN0MGkWMWTT.htm,2015秋装新款女装上衣毛衣女宽松秋天外套女潮韩版泡泡袖秋款套头,http://detail.tmall.com/item.htm?id=521397270627&skuId=3106472775239&areaId=110000&cat_id=50025135&rn=f6f0b8ca972246ec6dc709cf93b84b54&user_id=1766047907&is_b=1,戚米旗舰店,,http://img.alicdn.com/bao/uploaded/i1/TB1YAJvJpXXXXaxXXXXXXXXXXXX_!!0-item_pic.jpg_b.jpg,嘉兴韩彩妮服饰有限公司,69.00
https://rate.taobao.com/user-rate-UvCNuvCv0MCcGONTT.htm,娃娃领雪纺衫2015秋装新款韩版大码女装秋上衣女蕾丝长袖打底衫潮,http://detail.tmall.com/item.htm?id=43462049976&skuId=93185712610&areaId=110000&cat_id=50025135&rn=f6f0b8ca972246ec6dc709cf93b84b54&user_id=2072346738&is_b=1,莎太旗舰店,广州莎太电子商务有限公司,http://img.alicdn.com/bao/uploaded/i4/TB16JnLIVXXXXarXFXXXXXXXXXX_!!0-item_pic.jpg_b.jpg,"广东省,  广州市",79.00
https://rate.taobao.com/user-rate-UOFIbMCcbMmN0.htm,沃斯丹女裤2015新款秋长裤休闲裤 时尚小脚裤糖果色女裤彩裤子,http://detail.tmall.com/item.htm?id=40489956715&skuId=79992654190&areaId=110000&cat_id=50025135&rn=f6f0b8ca972246ec6dc709cf93b84b54&user_id=925675404&is_b=1,woseadon旗舰店,,http://img.alicdn.com/bao/uploaded/i3/TB1ANBtHpXXXXXkXXXXXXXXXXXX_!!0-item_pic.jpg_b.jpg,东莞市沃斯丹服饰有限公司,89.00
https://rate.taobao.com/user-rate-UMCcbOmIyMFQG.htm,秋季新品2015新款纯色外套毛衣女秋装上衣潮女装开衫宽松学生外搭,http://detail.tmall.com/item.htm?id=521524123630&skuId=3107181433433&areaId=110000&cat_id=50025135&rn=f6f0b8ca972246ec6dc709cf93b84b54&user_id=675822543&is_b=1,叶枫翎旗舰店,,http://img.alicdn.com/bao/uploaded/i1/TB136GgJpXXXXbKXVXXXXXXXXXX_!!0-item_pic.jpg_b.jpg,嘉兴市叶枫翎服饰有限公司,68.00
https://rate.taobao.com/user-rate-UvCN4MCk4OmNbvNTT.htm,2015新款裤子女夏长裤休闲裤修身西裤小脚裤职业大码女裤铅笔裤秋,http://detail.tmall.com/item.htm?id=39872759419&skuId=88019363929&areaId=110000&cat_id=50025135&rn=f6f0b8ca972246ec6dc709cf93b84b54&standard=1&user_id=2086988050&is_b=1,梅卡芙旗舰店,福建南安市凌派商贸有限公司,http://img.alicdn.com/bao/uploaded/i1/TB1.4d0JXXXXXb.aXXXXXXXXXXX_!!0-item_pic.jpg_b.jpg,"福建省,  泉州市",79.00
https://rate.taobao.com/user-rate-UvCNyvCguMmkWMWTT.htm,2015秋冬短裤女宽松高腰薄女士腿裤女时尚显瘦大码a字休闲热裤,http://detail.tmall.com/item.htm?id=40746188709&skuId=79767189521&areaId=110000&cat_id=50025135&rn=f6f0b8ca972246ec6dc709cf93b84b54&user_id=2022874907&is_b=1,9emeelement旗舰店,杭州创建服饰有限公司,http://img.alicdn.com/bao/uploaded/i1/TB14JaKHpXXXXXzXpXXXXXXXXXX_!!0-item_pic.jpg_b.jpg,"广东,  广州",59.00
https://rate.taobao.com/user-rate-UvFkuvFIyvmILMWTT.htm,2015白色女裤长裤秋季修身显瘦小脚女款休闲裤中腰弹力小直筒裤子,http://detail.tmall.com/item.htm?id=40461634117&skuId=96840860484&areaId=110000&cat_id=50025135&rn=f6f0b8ca972246ec6dc709cf93b84b54&user_id=1971220267&is_b=1,小西朵朵旗舰店,芜湖宝蝶服装商贸有限公司,http://img.alicdn.com/bao/uploaded/i1/TB1bmt5HpXXXXagaXXXXXXXXXXX_!!0-item_pic.jpg_b.jpg,"安徽,  芜湖",99.00
https://rate.taobao.com/user-rate-UvFgWMG8uMCvuMNTT.htm,2015新款秋装短裤女外穿弹力休闲女裤大码显瘦秋冬女士棉西装短裤,http://detail.tmall.com/item.htm?id=521081014213&skuId=3105065941509&areaId=110000&cat_id=50025135&rn=f6f0b8ca972246ec6dc709cf93b84b54&user_id=1807576374&is_b=1,布依年华旗舰店,上海黎洪实业有限公司,http://img.alicdn.com/bao/uploaded/i1/TB1XagnJXXXXXaqXVXXXXXXXXXX_!!0-item_pic.jpg_b.jpg,"上海,  上海市",69.00
https://rate.taobao.com/user-rate-UMGvbvFkLvC8b.htm,蕾丝衫女2015秋装新款韩版女装雪纺衫大码上衣秋冬高领长袖打底衫,http://detail.tmall.com/item.htm?id=40742603208&skuId=82866303366&areaId=110000&cat_id=50025135&rn=f6f0b8ca972246ec6dc709cf93b84b54&user_id=735196255&is_b=1,韩帛伊品旗舰店,,http://img.alicdn.com/bao/uploaded/i1/TB1Cvb3HpXXXXbnXVXXXXXXXXXX_!!0-item_pic.jpg_b.jpg,广州市尚衣品服饰有限公司,109.00
https://rate.taobao.com/user-rate-UMGkGMFvWMmcu.htm,凡妃子小西装女2015夏短款春秋韩版修身女士七分袖休闲小西服外套,http://detail.tmall.com/item.htm?id=37311215958&skuId=83372797059&areaId=110000&cat_id=50025135&rn=f6f0b8ca972246ec6dc709cf93b84b54&user_id=793530477&is_b=1,凡妃子旗舰店,,http://img.alicdn.com/bao/uploaded/i3/TB1t4ZkIFXXXXb0XXXXXXXXXXXX_!!0-item_pic.jpg_b.jpg,东莞市凡妃子服饰有限公司,69.00
https://rate.taobao.com/user-rate-UvFg4vFx0OmN0MQTT.htm,嬉琦条纹雪纺衫女长袖韩版秋装彩虹宽松大码清新休闲打底衫-9519,http://detail.tmall.com/item.htm?id=44937466505&skuId=3103239390640&areaId=110000&cat_id=50025135&rn=f6f0b8ca972246ec6dc709cf93b84b54&user_id=1881648045&is_b=1,嬉琦旗舰店,广州市卡新服装有限公司,http://img.alicdn.com/bao/uploaded/i2/TB16JAoJXXXXXXtXVXXXXXXXXXX_!!0-item_pic.jpg_b.jpg,"广东,  广州",65.00
https://rate.taobao.com/user-rate-UvCHYMFv0MFHLvWTT.htm,秋冬季2015新款女装韩版针织衫女毛衣长袖套头打底衫长款大码外套,http://detail.tmall.com/item.htm?id=42513859633&skuId=3105836068262&areaId=110000&cat_id=50025135&rn=f6f0b8ca972246ec6dc709cf93b84b54&user_id=2115345163&is_b=1,牧中绒旗舰店,深圳硕梦服饰有限公司,http://img.alicdn.com/bao/uploaded/i1/TB1gM_9GXXXXXcyaXXXXXXXXXXX_!!0-item_pic.jpg_b.jpg,"浙江省,  嘉兴市",49.00
https://rate.taobao.com/user-rate-UvCNGMGQuvFQ0vWTT.htm,包邮2015秋装新款韩版宽松衬衣女中长款BF格子条纹显瘦衬衫外套潮,http://detail.tmall.com/item.htm?id=520785112855&skuId=3103645854253&areaId=110000&cat_id=50025135&rn=f6f0b8ca972246ec6dc709cf93b84b54&user_id=2037471443&is_b=1,gcnnj旗舰店,东台市昊成服饰有限公司,http://img.alicdn.com/bao/uploaded/i1/TB1Pyk8IFXXXXcaXpXXXXXXXXXX_!!0-item_pic.jpg_b.jpg,"江苏省,  苏州市",45.00
https://rate.taobao.com/user-rate-UvCILMCg4vCHYMWTT.htm,韩范女装长袖t恤女修身显瘦打底衫排扣简约体恤女秋装上衣潮秋衣,http://detail.tmall.com/item.htm?id=520961242945&skuId=3104474838656&areaId=110000&cat_id=50025135&rn=f6f0b8ca972246ec6dc709cf93b84b54&user_id=2266882117&is_b=1,俏情薇服饰旗舰店,东莞市雪之恋服装有限公司,http://img.alicdn.com/bao/uploaded/i2/TB1zQhXIVXXXXb3aXXXXXXXXXXX_!!0-item_pic.jpg_b.jpg,"广东省,  东莞市",69.00
https://rate.taobao.com/user-rate-UvCNuMGQbvFvuMgTT.htm,韩国2015秋季新品长袖女装秋装连衣裙子修身显瘦包臀秋天打底短裙,http://detail.tmall.com/item.htm?id=521467056049&skuId=3106891464800&areaId=110000&cat_id=50025135&rn=f6f0b8ca972246ec6dc709cf93b84b54&standard=1&user_id=2077451376&is_b=1,卡蜜鸟服饰旗舰店,杭州奢尚服装设计有限公司,http://img.alicdn.com/bao/uploaded/i4/TB1MyPkJpXXXXXXXFXXXXXXXXXX_!!0-item_pic.jpg_b.jpg,"浙江,  杭州",118.00
